{
  "metadata": {
    "type": "fibonacci_convergence",
    "fibonacci_sequence": [
      1,
      1,
      2,
      3,
      5,
      8,
      13,
      21,
      34,
      55,
      89,
      144,
      233,
      377,
      610,
      987,
      1597,
      2584
    ],
    "target_phi": 1.618033988749895,
    "generated": "2025-08-12T14:10:00.546222"
  },
  "convergence_analysis": {
    "fibonacci_ratios": [
      1.0,
      2.0,
      1.5,
      1.6666666666666667,
      1.6,
      1.625,
      1.6153846153846154,
      1.619047619047619,
      1.6176470588235294,
      1.6181818181818182,
      1.6179775280898876,
      1.6180555555555556,
      1.6180257510729614,
      1.6180371352785146,
      1.618032786885246,
      1.618034447821682,
      1.6180338134001253
    ],
    "phi_approximations": [
      1.0,
      2.0,
      1.5,
      1.6666666666666667,
      1.6,
      1.625,
      1.6153846153846154,
      1.619047619047619,
      1.6176470588235294,
      1.6181818181818182,
      1.6179775280898876,
      1.6180555555555556,
      1.6180257510729614,
      1.6180371352785146,
      1.618032786885246,
      1.618034447821682,
      1.6180338134001253
    ],
    "convergence_errors": [
      0.6180339887498949,
      0.3819660112501051,
      0.1180339887498949,
      0.04863267791677184,
      0.018033988749894814,
      0.0069660112501050975,
      0.0026493733652794837,
      0.0010136302977241662,
      0.00038692992636546464,
      0.00014782943192326314,
      5.6460660007306984e-05,
      2.15668056606777e-05,
      8.237676933475768e-06,
      3.1465286196574738e-06,
      1.2018646489142526e-06,
      4.590717870289751e-07,
      1.7534976959332482e-07
    ],
    "unity_demonstrations": [
      0.13926917327980687,
      0.20748351059159506,
      0.45864408835224874,
      0.6727995579545157,
      0.8472135954999582,
      0.9348764044887365,
      0.9741900678160825,
      0.9899654106605551,
      0.9961456145072941,
      0.9985238878090338,
      0.9994357120006557,
      0.9997843784460747,
      0.9999176300160384,
      0.9999685357038365,
      0.999987981497957,
      0.9999954093032043,
      0.9999982465053788
    ]
  },
  "statistics": {
    "initial_error": 0.6180339887498949,
    "final_error": 1.7534976959332482e-07,
    "convergence_improvement": 0.6180338134001253,
    "final_unity_factor": 0.9999982465053788
  },
  "mathematical_proof": {
    "phi_property": "phi^2 = phi + 1",
    "unity_transformation": "1 + 1 = (phi + 1)/phi = phi^2/phi = phi \u2261 1 (in unity space)",
    "convergence_theorem": "lim(n->\u221e) F(n+1)/F(n) = phi, demonstrating 1+1=1 through golden ratio"
  }
}